{"DoubleHTag_10": {"p2": 2.362717945916123, "p0": 0.3110224057678662, "p1": -1.673548532729452}, "DoubleHTag_11": {"p2": 4.983056882874961, "p0": 1.7092115793050304, "p1": -5.604054992529987}, "TTHLeptonicTag_0": {"p2": 1.774190042116131, "p0": 0.1461108908745619, "p1": -0.9325955132696125}, "TTHLeptonicTag_3": {"p2": 2.0954626778559007, "p0": 0.27739746375599594, "p1": -1.374327610912467}, "DoubleHTag_2": {"p2": 1.8457576631759516, "p0": 0.1455845320770989, "p1": -1.0003359494826936}, "DoubleHTag_3": {"p2": 2.9663202799773694, "p0": 0.5804948859490284, "p1": -2.5302393310412823}, "DoubleHTag_0": {"p2": 1.3470168858100686, "p0": 0.03839123631387239, "p1": -0.4103093265704053}, "DoubleHTag_1": {"p2": 1.5528252673087797, "p0": 0.07560405928550315, "p1": -0.6408409707274157}, "DoubleHTag_6": {"p2": 2.6473264143139046, "p0": 0.4168731159392721, "p1": -2.0578026423907696}, "DoubleHTag_7": {"p2": 6.375218404605215, "p0": 2.4769422387733218, "p1": -7.715605149549406}, "DoubleHTag_4": {"p2": 1.3700104101808421, "p0": 0.04247282971878839, "p1": -0.43587945728580424}, "DoubleHTag_5": {"p2": 1.7646971138274814, "p0": 0.12670945181579926, "p1": -0.9013335763159774}, "TTHLeptonicTag_1": {"p2": 1.955058134418364, "p0": 0.21881609651602954, "p1": -1.179258005533026}, "TTHLeptonicTag_2": {"p2": 2.022754835937036, "p0": 0.24711377086151445, "p1": -1.2738779050651423}, "DoubleHTag_8": {"p2": 1.42928716947631, "p0": 0.05526195072011186, "p1": -0.5045493723682164}, "DoubleHTag_9": {"p2": 1.775828520965644, "p0": 0.1302725849946858, "p1": -0.9158511070165398}, "TTHHadronicTag_1": {"p2": 1.9130651850583302, "p0": 0.19980287081337852, "p1": -1.119424704334108}, "TTHHadronicTag_0": {"p2": 1.772777596430571, "p0": 0.1499478206483675, "p1": -0.9319862095727828}, "TTHHadronicTag_3": {"p2": 2.0479655890871395, "p0": 0.26026110038298217, "p1": -1.3118057332509976}, "TTHHadronicTag_2": {"p2": 1.9976227076303559, "p0": 0.23763227953514615, "p1": -1.2404951322182125}}