{"DoubleHTag_10": {"p2": 2.3660775743376794, "p0": 0.31074873306062645, "p1": -1.676826307398306}, "DoubleHTag_11": {"p2": 4.808249855462206, "p0": 1.6345865545439076, "p1": -5.442836410006113}, "UntaggedTag_3": {"p2": 2.5702133686468405, "p0": 0.5105663027872854, "p1": -2.080779671434126}, "UntaggedTag_2": {"p2": 2.4244670055734048, "p0": 0.4333663902689136, "p1": -1.857833395842318}, "UntaggedTag_1": {"p2": 2.0785048703913604, "p0": 0.26705698701783726, "p1": -1.3455618574091974}, "UntaggedTag_0": {"p2": 1.6813143270316804, "p0": 0.12010717434981363, "p1": -0.801421501381494}, "TTHLeptonicTag_3": {"p2": 2.06611724910782, "p0": 0.26334876154975495, "p1": -1.329466010657575}, "TTHLeptonicTag_2": {"p2": 2.049329735043325, "p0": 0.2584653772984872, "p1": -1.3077951123418123}, "TTHLeptonicTag_1": {"p2": 1.865396177380825, "p0": 0.17642583885869456, "p1": -1.0418220162395195}, "TTHLeptonicTag_0": {"p2": 1.7448187137999858, "p0": 0.1375804469050259, "p1": -0.8823991607050116}, "TTHHadronicTag_1": {"p2": 1.8757858998810624, "p0": 0.1818043451109091, "p1": -1.0575902449919714}, "TTHHadronicTag_0": {"p2": 1.7732782392635427, "p0": 0.14570142207794493, "p1": -0.9189796613414875}, "TTHHadronicTag_3": {"p2": 2.056504373079036, "p0": 0.26001606858806375, "p1": -1.3165204416670997}, "TTHHadronicTag_2": {"p2": 1.9729455185663833, "p0": 0.22250797140786455, "p1": -1.195453489974248}, "DoubleHTag_2": {"p2": 1.73165900649653, "p0": 0.11435950708201346, "p1": -0.8460185135785436}, "DoubleHTag_3": {"p2": 2.278244707053817, "p0": 0.2839875522170911, "p1": -1.5622322592709084}, "DoubleHTag_0": {"p2": 1.3495915405750467, "p0": 0.03477343618878387, "p1": -0.3843649767638306}, "DoubleHTag_1": {"p2": 1.5133285823648235, "p0": 0.06473941983302392, "p1": -0.5780680021978474}, "DoubleHTag_6": {"p2": 2.5059408350277437, "p0": 0.35844689659659285, "p1": -1.8643877316243365}, "DoubleHTag_7": {"p2": 4.220972771169665, "p0": 1.2396584087191398, "p1": -4.4606311798888045}, "DoubleHTag_4": {"p2": 1.4207435426890969, "p0": 0.04792081661455937, "p1": -0.4686643593036563}, "DoubleHTag_5": {"p2": 1.7954235034572654, "p0": 0.13205924539735542, "p1": -0.9274827488546209}, "DoubleHTag_8": {"p2": 1.416421791496757, "p0": 0.04890170633626046, "p1": -0.46532349783301746}, "DoubleHTag_9": {"p2": 1.7632581626522277, "p0": 0.12458557358702615, "p1": -0.8878437362392539}}